Study,BioProject,Sample,Year,Species,Genotype,Treatment,Temperature,Include_Counts,Include_SNPs,Final_Set
Vidal-Dupiol2013,SRP011059,SRR414924,2013,damicornis,,pH,,FALSE,TRUE,
Vidal-Dupiol2013,SRP011059,SRR414925,2013,damicornis,,control,,FALSE,TRUE,
Mayfield2014,PRJNA227785,SRR1030692,2014,damicornis,,,,FALSE,FALSE,
Mayfield2014,PRJNA227785,SRR1030693,2014,damicornis,,,,FALSE,FALSE,
Mayfield2014,PRJNA227785,SRR1030694,2014,damicornis,,,,FALSE,FALSE,
Vidal-Dupiol2014,PRJNA219439,SRR988551,2014,damicornis,V1,bacteria,25,TRUE,FALSE,
Vidal-Dupiol2014,PRJNA219439,SRR988670,2014,damicornis,V1,heat_bacteria,32.5,TRUE,TRUE,
Vidal-Dupiol2014,PRJNA219439,SRR988671,2014,damicornis,V1,heat,32.5,TRUE,TRUE,
Vidal-Dupiol2014,PRJNA219439,SRR988672,2014,damicornis,V1,control,25,TRUE,TRUE,
Yuan2017,PRJNA299443,SRR2912663,2017,damicornis,Y1,control,28,TRUE,TRUE,
Yuan2017,PRJNA299443,SRR2912664,2017,damicornis,Y1,control,28,TRUE,TRUE,
Yuan2017,PRJNA299443,SRR2912665,2017,damicornis,Y1,ammonium,28,TRUE,TRUE,
Yuan2017,PRJNA299443,SRR2912669,2017,damicornis,Y1,ammonium,28,TRUE,TRUE,
Zhou2017,PRJNA327142,SRR3727281,2017,damicornis,Z1,control,26,TRUE,TRUE,
Zhou2017,PRJNA327142,SRR3727374,2017,damicornis,Z1,control,26,TRUE,TRUE,
Zhou2017,PRJNA327142,SRR3727379,2017,damicornis,Z1,control,26,TRUE,TRUE,
Zhou2017,PRJNA327142,SRR3727380,2017,damicornis,Z1,control,26,TRUE,TRUE,
Zhou2017,PRJNA327142,SRR3727383,2017,damicornis,Z1,heat,32,TRUE,TRUE,
Zhou2017,PRJNA327142,SRR3727387,2017,damicornis,Z1,heat,32,TRUE,TRUE,
Zhou2017,PRJNA327142,SRR3727388,2017,damicornis,Z1,heat,32,TRUE,TRUE,
Zhou2017,PRJNA327142,SRR3727390,2017,damicornis,Z1,heat,32,TRUE,TRUE,
Zhou2017,PRJNA327142,SRR3727400,2017,damicornis,Z1,heat_ammonium,32,TRUE,TRUE,
Zhou2017,PRJNA327142,SRR3727418,2017,damicornis,Z1,heat_ammonium,32,TRUE,TRUE,
Zhou2017,PRJNA327142,SRR3727424,2017,damicornis,Z1,heat_ammonium,32,TRUE,TRUE,
Zhou2017,PRJNA327142,SRR3727425,2017,damicornis,Z1,heat_ammonium,32,TRUE,TRUE,
Brener-Raffali2018,PRJNA399069,SRR5963014,,verrucosa,OM3,heat,,TRUE,TRUE,
Brener-Raffali2018,PRJNA399069,SRR5963016,,verrucosa,OM2,heat,,TRUE,TRUE,
Brener-Raffali2018,PRJNA399069,SRR5963017,,verrucosa,OM2,heat,,TRUE,TRUE,
Brener-Raffali2018,PRJNA399069,SRR5963020,,verrucosa,OM3,heat,,TRUE,TRUE,
Brener-Raffali2018,PRJNA399069,SRR5963032,,acuta,NC3,heat,,TRUE,TRUE,
Brener-Raffali2018,PRJNA399069,SRR5963033,,acuta,NC3,heat,,TRUE,TRUE,
Brener-Raffali2018,PRJNA399069,SRR5963035,,verrucosa,OM1,heat,,TRUE,TRUE,
Brener-Raffali2018,PRJNA399069,SRR5963037,,acuta,NC2,heat,,TRUE,TRUE,
Brener-Raffali2018,PRJNA399069,SRR5963041,,verrucosa,OM1,heat,,TRUE,TRUE,
Brener-Raffali2018,PRJNA399069,SRR5963053,,verrucosa,OM1,control,,TRUE,TRUE,
Brener-Raffali2018,PRJNA399069,SRR5963055,,verrucosa,OM2,control,,TRUE,TRUE,
Brener-Raffali2018,PRJNA399069,SRR5963057,,verrucosa,OM2,control,,TRUE,TRUE,
Brener-Raffali2018,PRJNA399069,SRR5963059,,verrucosa,OM3,control,,TRUE,TRUE,
Brener-Raffali2018,PRJNA399069,SRR5963060,,damicornis,NC1,heat,,TRUE,TRUE,
Brener-Raffali2018,PRJNA399069,SRR5963073,,damicornis,NC1,control,,TRUE,TRUE,
Brener-Raffali2018,PRJNA399069,SRR5963074,,damicornis,NC1,control,,TRUE,TRUE,
Brener-Raffali2018,PRJNA399069,SRR5963076,,acuta,NC3,control,,TRUE,TRUE,
Brener-Raffali2018,PRJNA399069,SRR5963078,,acuta,NC2,control,,TRUE,TRUE,
Brener-Raffali2018,PRJNA399069,SRR5963080,,verrucosa,OM1,control,,TRUE,TRUE,
Brener-Raffali2018,PRJNA399069,SRR5963015,,verrucosa,OM2,heat,,TRUE,TRUE,
Brener-Raffali2018,PRJNA399069,SRR5963021,,verrucosa,OM3,heat,,TRUE,TRUE,
Brener-Raffali2018,PRJNA399069,SRR5963034,,acuta,NC3,heat,,TRUE,TRUE,
Brener-Raffali2018,PRJNA399069,SRR5963036,,damicornis,NC1,heat,,TRUE,TRUE,
Brener-Raffali2018,PRJNA399069,SRR5963038,,acuta,NC2,heat,,TRUE,TRUE,
Brener-Raffali2018,PRJNA399069,SRR5963039,,acuta,NC2,heat,,TRUE,TRUE,
Brener-Raffali2018,PRJNA399069,SRR5963040,,verrucosa,OM1,heat,,TRUE,TRUE,
Brener-Raffali2018,PRJNA399069,SRR5963052,,verrucosa,OM1,control,,TRUE,TRUE,
Brener-Raffali2018,PRJNA399069,SRR5963054,,verrucosa,OM2,control,,TRUE,TRUE,
Brener-Raffali2018,PRJNA399069,SRR5963056,,verrucosa,OM3,control,,TRUE,TRUE,
Brener-Raffali2018,PRJNA399069,SRR5963058,,verrucosa,OM3,control,,TRUE,TRUE,
Brener-Raffali2018,PRJNA399069,SRR5963061,,damicornis,NC1,heat,,TRUE,TRUE,
Brener-Raffali2018,PRJNA399069,SRR5963072,,acuta,NC2,control,,TRUE,TRUE,
Brener-Raffali2018,PRJNA399069,SRR5963075,,damicornis,NC1,control,,TRUE,TRUE,
Brener-Raffali2018,PRJNA399069,SRR5963077,,acuta,NC3,control,,TRUE,TRUE,
Brener-Raffali2018,PRJNA399069,SRR5963079,,acuta,NC2,control,,TRUE,TRUE,
Brener-Raffali2018,PRJNA399069,SRR5963081,,acuta,NC3,control,,TRUE,TRUE,
Delgadillo-Nuno2018,PRJNA552592,SRR9648437,,verrucosa,BV,control,,TRUE,TRUE,
Delgadillo-Nuno2018,PRJNA552592,SRR9648438,,verrucosa,BC,control,,TRUE,TRUE,
Delgadillo-Nuno2018,PRJNA552592,SRR9648439,,verrucosa,CV,control,,TRUE,TRUE,
Delgadillo-Nuno2018,PRJNA552592,SRR9648440,,verrucosa,CC,control,,TRUE,TRUE,
Tang2018,PRJNA433950,SRR6761151,2018,damicornis,T1,control,26,TRUE,TRUE,
Tang2018,PRJNA433950,SRR6761152,2018,damicornis,T1,microplastics,26,TRUE,TRUE,
Tang2018,PRJNA433950,SRR6761153,2018,damicornis,T1,microplastics,26,TRUE,TRUE,
Tang2018,PRJNA433950,SRR6761154,2018,damicornis,T1,microplastics,26,TRUE,TRUE,
Tang2018,PRJNA433950,SRR6761155,2018,damicornis,T1,control,26,TRUE,TRUE,
Tang2018,PRJNA433950,SRR6761156,2018,damicornis,T1,control,26,TRUE,TRUE,
Wecker2018,PRJNA369135,SRR5215310,2018,acuta,W1,chlordecone_high_72,,TRUE,TRUE,
Wecker2018,PRJNA369135,SRR5215311,2018,acuta,W1,chlordecone_high_24,,TRUE,TRUE,
Wecker2018,PRJNA369135,SRR5215312,2018,acuta,W1,chlordecone_high_4,,TRUE,TRUE,
Wecker2018,PRJNA369135,SRR5215313,2018,acuta,W1,chlordecone_low_72,,TRUE,TRUE,
Wecker2018,PRJNA369135,SRR5215314,2018,acuta,W1,chlordecone_low_24,,TRUE,TRUE,
Wecker2018,PRJNA369135,SRR5215315,2018,acuta,W1,chlordecone_low_4,,TRUE,TRUE,
Wecker2018,PRJNA369135,SRR5215316,2018,acuta,W1,control,,TRUE,TRUE,
Wecker2018,PRJNA369135,SRR5215317,2018,acuta,W1,control,,TRUE,TRUE,
Wecker2018,PRJNA369135,SRR5215318,2018,acuta,W1,control,,TRUE,TRUE,
Wecker2018,PRJNA369135,SRR5215319,2018,acuta,W1,control,,TRUE,TRUE,
Zhou2018,PRJNA401251,SRR6001268,2018,damicornis,Z2,control,26,TRUE,TRUE,
Zhou2018,PRJNA401251,SRR6001269,2018,damicornis,Z2,control,26,TRUE,TRUE,
Zhou2018,PRJNA401251,SRR6001270,2018,damicornis,Z2,control,26,TRUE,TRUE,
Zhou2018,PRJNA401251,SRR6001271,2018,damicornis,Z2,cadmium,26,TRUE,TRUE,
Zhou2018,PRJNA401251,SRR6001272,2018,damicornis,Z2,cadmium,26,TRUE,TRUE,
Zhou2018,PRJNA401251,SRR6001273,2018,damicornis,Z2,cadmium,26,TRUE,TRUE,
Poquita-Du2019,PRJNA435468,SRR6881951,2019,acuta,,control,,FALSE,FALSE,
Poquita-Du2019,PRJNA435468,SRR6881952,2019,acuta,,control,,FALSE,FALSE,
Poquita-Du2019,PRJNA435468,SRR6881953,2019,acuta,,control,,FALSE,FALSE,
Poquita-Du2019,PRJNA435468,SRR6906282,2019,acuta,,control,,FALSE,FALSE,
Poquita-Du2019,PRJNA435468,SRR6906283,2019,acuta,,control,,FALSE,FALSE,
Poquita-Du2019,PRJNA435468,SRR6906284,2019,acuta,,control,,FALSE,FALSE,
Poquita-Du2019,PRJNA435468,SRR6906302,2019,acuta,,control,,FALSE,FALSE,
Poquita-Du2019,PRJNA435468,SRR6906303,2019,acuta,,control,,FALSE,FALSE,
Poquita-Du2019,PRJNA435468,SRR6906304,2019,acuta,,control,,FALSE,FALSE,
Poquita-Du2019,PRJNA435468,SRR6906456,2019,acuta,,sediment,,FALSE,FALSE,
Poquita-Du2019,PRJNA435468,SRR6906457,2019,acuta,,sediment,,FALSE,FALSE,
Poquita-Du2019,PRJNA435468,SRR6906458,2019,acuta,,sediment,,FALSE,FALSE,
Poquita-Du2019,PRJNA435468,SRR6914151,2019,acuta,G1,sediment,30,TRUE,TRUE,
Poquita-Du2019,PRJNA435468,SRR6914609,2019,acuta,G1,sediment,30,TRUE,TRUE,
Poquita-Du2019,PRJNA435468,SRR6914908,2019,acuta,G1,heat,32,TRUE,TRUE,
Poquita-Du2019,PRJNA435468,SRR6934388,2019,acuta,G1,heat,32,TRUE,TRUE,
Poquita-Du2019,PRJNA435468,SRR6934542,2019,acuta,G1,heat,32,TRUE,TRUE,
Poquita-Du2019,PRJNA435468,SRR6935629,2019,acuta,G1,heat_sediment,32,TRUE,TRUE,
Poquita-Du2019,PRJNA435468,SRR6942678,2019,acuta,G1,heat_sediment,32,TRUE,TRUE,
Poquita-Du2019,PRJNA435468,SRR6942729,2019,acuta,G1,heat_sediment,32,TRUE,TRUE,
Poquita-Du2019,PRJNA435468,SRR6951423,2019,acuta,G2,control,30,TRUE,TRUE,
Poquita-Du2019,PRJNA435468,SRR6951744,2019,acuta,G2,control,30,TRUE,TRUE,
Poquita-Du2019,PRJNA435468,SRR6952431,2019,acuta,G2,control,30,TRUE,TRUE,
Poquita-Du2019,PRJNA435468,SRR6963586,2019,acuta,G2,sediment,30,TRUE,TRUE,
Poquita-Du2019,PRJNA435468,SRR6963878,2019,acuta,G2,sediment,30,TRUE,TRUE,
Poquita-Du2019,PRJNA435468,SRR6963891,2019,acuta,G2,sediment,30,TRUE,TRUE,
Poquita-Du2019,PRJNA435468,SRR6964364,2019,acuta,G2,heat,32,TRUE,TRUE,
Poquita-Du2019,PRJNA435468,SRR6986864,2019,acuta,G2,heat,32,TRUE,TRUE,
Poquita-Du2019,PRJNA435468,SRR6987146,2019,acuta,G2,heat,32,TRUE,TRUE,
Poquita-Du2019,PRJNA435468,SRR7039808,2019,acuta,G2,heat_sediment,32,TRUE,TRUE,
Poquita-Du2019,PRJNA435468,SRR7040514,2019,acuta,G2,heat_sediment,32,TRUE,TRUE,
Poquita-Du2019,PRJNA435468,SRR7041301,2019,acuta,G2,heat_sediment,32,TRUE,TRUE,
Poquita-Du2019,PRJNA435468,SRR7042978,2019,acuta,G3,control,30,TRUE,TRUE,
Poquita-Du2019,PRJNA435468,SRR7043013,2019,acuta,G3,control,30,TRUE,TRUE,
Poquita-Du2019,PRJNA435468,SRR7043704,2019,acuta,G3,control,30,TRUE,TRUE,
Poquita-Du2019,PRJNA435468,SRR7046161,2019,acuta,G3,sediment,30,TRUE,TRUE,
Poquita-Du2019,PRJNA435468,SRR7055829,2019,acuta,G3,sediment,30,TRUE,TRUE,
Poquita-Du2019,PRJNA435468,SRR7058378,2019,acuta,G3,sediment,30,TRUE,TRUE,
Poquita-Du2019,PRJNA435468,SRR7058566,2019,acuta,G3,heat,32,TRUE,TRUE,
Poquita-Du2019,PRJNA435468,SRR7058606,2019,acuta,G3,heat,32,TRUE,TRUE,
Poquita-Du2019,PRJNA435468,SRR7058616,2019,acuta,G3,heat,32,TRUE,TRUE,
Poquita-Du2019,PRJNA435468,SRR7059699,2019,acuta,G3,heat_sediment,32,TRUE,TRUE,
Poquita-Du2019,PRJNA435468,SRR7062295,2019,acuta,G3,heat_sediment,32,TRUE,TRUE,
Poquita-Du2019,PRJNA435468,SRR7062350,2019,acuta,G3,heat_sediment,32,TRUE,TRUE,
Zhou2019,PRJNA401251,SRR6784730,2019,damicornis,Z3,bacteria,26,TRUE,TRUE,
Zhou2019,PRJNA401251,SRR6784731,2019,damicornis,Z3,bacteria,26,TRUE,TRUE,
Zhou2019,PRJNA401251,SRR6784732,2019,damicornis,Z3,bacteria,26,TRUE,TRUE,
Zhou2019,PRJNA401251,SRR6784733,2019,damicornis,Z3,control,26,TRUE,TRUE,
Zhou2019,PRJNA401251,SRR6784734,2019,damicornis,Z3,control,26,TRUE,TRUE,
Zhou2019,PRJNA401251,SRR6784735,2019,damicornis,Z3,control,26,TRUE,TRUE,
Buitrago-Lopez2020,PRJNA551401,SRR11880672,2020,verrucosa,BL1,control,,TRUE,TRUE,
ConnellyEAPSI,PRJNA587509,SRR10395130,2020,sp8,HW1,heat,32,TRUE,TRUE,
ConnellyEAPSI,PRJNA587509,SRR10395131,2020,sp8,HW1,lps,28,TRUE,TRUE,
ConnellyEAPSI,PRJNA587509,SRR10395132,2020,sp8,HW1,lps,28,TRUE,TRUE,
ConnellyEAPSI,PRJNA587509,SRR10395133,2020,acuta,WT2,control,28,TRUE,TRUE,
ConnellyEAPSI,PRJNA587509,SRR10395134,2020,acuta,WT2,control,28,TRUE,TRUE,
ConnellyEAPSI,PRJNA587509,SRR10395135,2020,acuta,WT2,control,28,TRUE,TRUE,
ConnellyEAPSI,PRJNA587509,SRR10395136,2020,acuta,WT2,antibiotics,28,TRUE,TRUE,
ConnellyEAPSI,PRJNA587509,SRR10395137,2020,acuta,WT2,antibiotics,28,TRUE,TRUE,
ConnellyEAPSI,PRJNA587509,SRR10395138,2020,acuta,WT2,antibiotics,28,TRUE,TRUE,
ConnellyEAPSI,PRJNA587509,SRR10395139,2020,acuta,WT2,heat,32,TRUE,TRUE,
ConnellyEAPSI,PRJNA587509,SRR10395140,2020,acuta,WT2,heat,32,TRUE,TRUE,
ConnellyEAPSI,PRJNA587509,SRR10395141,2020,acuta,WT2,heat,32,TRUE,TRUE,
ConnellyEAPSI,PRJNA587509,SRR10395142,2020,sp8,HW1,lps,28,TRUE,TRUE,
ConnellyEAPSI,PRJNA587509,SRR10395143,2020,acuta,WT2,lps,28,TRUE,TRUE,
ConnellyEAPSI,PRJNA587509,SRR10395144,2020,acuta,WT2,lps,28,TRUE,TRUE,
ConnellyEAPSI,PRJNA587509,SRR10395145,2020,acuta,WT2,lps,28,TRUE,TRUE,
ConnellyEAPSI,PRJNA587509,SRR10395148,2020,acuta,WT2,heat_antibiotics,32,TRUE,TRUE,
ConnellyEAPSI,PRJNA587509,SRR10395149,2020,acuta,WT2,heat_antibiotics,32,TRUE,TRUE,
ConnellyEAPSI,PRJNA587509,SRR10395150,2020,acuta,WT2,heat_antibiotics,32,TRUE,TRUE,
ConnellyEAPSI,PRJNA587509,SRR10395151,2020,acuta,WT1,control,28,TRUE,TRUE,
ConnellyEAPSI,PRJNA587509,SRR10395152,2020,acuta,WT1,control,28,TRUE,TRUE,
ConnellyEAPSI,PRJNA587509,SRR10395154,2020,acuta,WT1,control,28,TRUE,TRUE,
ConnellyEAPSI,PRJNA587509,SRR10395155,2020,acuta,WT1,antibiotics,28,TRUE,TRUE,
ConnellyEAPSI,PRJNA587509,SRR10395156,2020,acuta,WT1,antibiotics,28,TRUE,TRUE,
ConnellyEAPSI,PRJNA587509,SRR10395157,2020,acuta,WT1,antibiotics,28,TRUE,TRUE,
ConnellyEAPSI,PRJNA587509,SRR10395158,2020,acuta,WT1,heat,32,TRUE,TRUE,
ConnellyEAPSI,PRJNA587509,SRR10395159,2020,acuta,WT1,heat,32,TRUE,TRUE,
ConnellyEAPSI,PRJNA587509,SRR10395160,2020,acuta,WT1,heat,32,TRUE,TRUE,
ConnellyEAPSI,PRJNA587509,SRR10395161,2020,acuta,WT1,lps,28,TRUE,TRUE,
ConnellyEAPSI,PRJNA587509,SRR10395162,2020,acuta,WT1,lps,28,TRUE,TRUE,
ConnellyEAPSI,PRJNA587509,SRR10395163,2020,acuta,WT1,lps,28,TRUE,TRUE,
ConnellyEAPSI,PRJNA587509,SRR10395167,2020,acuta,WT1,heat_antibiotics,32,TRUE,TRUE,
ConnellyEAPSI,PRJNA587509,SRR10395168,2020,acuta,WT1,heat_antibiotics,32,TRUE,TRUE,
ConnellyEAPSI,PRJNA587509,SRR10395169,2020,acuta,WT1,heat_antibiotics,32,TRUE,TRUE,
ConnellyEAPSI,PRJNA587509,SRR10395170,2020,damicornis,HW2,control,28,TRUE,TRUE,
ConnellyEAPSI,PRJNA587509,SRR10395171,2020,damicornis,HW2,control,28,TRUE,TRUE,
ConnellyEAPSI,PRJNA587509,SRR10395172,2020,damicornis,HW2,antibiotics,28,TRUE,TRUE,
ConnellyEAPSI,PRJNA587509,SRR10395173,2020,damicornis,HW2,antibiotics,28,TRUE,TRUE,
ConnellyEAPSI,PRJNA587509,SRR10395174,2020,damicornis,HW2,antibiotics,28,TRUE,TRUE,
ConnellyEAPSI,PRJNA587509,SRR10395176,2020,damicornis,HW2,heat,32,TRUE,TRUE,
ConnellyEAPSI,PRJNA587509,SRR10395177,2020,damicornis,HW2,heat,32,TRUE,TRUE,
ConnellyEAPSI,PRJNA587509,SRR10395178,2020,damicornis,HW2,heat,32,TRUE,TRUE,
ConnellyEAPSI,PRJNA587509,SRR10395179,2020,damicornis,HW2,lps,28,TRUE,TRUE,
ConnellyEAPSI,PRJNA587509,SRR10395180,2020,damicornis,HW2,lps,28,TRUE,TRUE,
ConnellyEAPSI,PRJNA587509,SRR10395181,2020,damicornis,HW2,lps,28,TRUE,TRUE,
ConnellyEAPSI,PRJNA587509,SRR10395185,2020,damicornis,HW2,heat_antibiotics,32,TRUE,TRUE,
ConnellyEAPSI,PRJNA587509,SRR10395186,2020,sp8,HW1,heat_antibiotics,32,TRUE,TRUE,
ConnellyEAPSI,PRJNA587509,SRR10395187,2020,damicornis,HW2,heat_antibiotics,32,TRUE,TRUE,
ConnellyEAPSI,PRJNA587509,SRR10395188,2020,damicornis,HW2,heat_antibiotics,32,TRUE,TRUE,
ConnellyEAPSI,PRJNA587509,SRR10395189,2020,sp8,HW1,control,28,TRUE,TRUE,
ConnellyEAPSI,PRJNA587509,SRR10395190,2020,sp8,HW1,control,28,TRUE,TRUE,
ConnellyEAPSI,PRJNA587509,SRR10395191,2020,sp8,HW1,control,28,TRUE,TRUE,
ConnellyEAPSI,PRJNA587509,SRR10395192,2020,sp8,HW1,antibiotics,28,TRUE,TRUE,
ConnellyEAPSI,PRJNA587509,SRR10395193,2020,sp8,HW1,antibiotics,28,TRUE,TRUE,
ConnellyEAPSI,PRJNA587509,SRR10395194,2020,sp8,HW1,antibiotics,28,TRUE,TRUE,
ConnellyEAPSI,PRJNA587509,SRR10395195,2020,sp8,HW1,heat,32,TRUE,TRUE,
ConnellyEAPSI,PRJNA587509,SRR10395196,2020,sp8,HW1,heat,32,TRUE,TRUE,
ConnellyEAPSI,PRJNA587509,SRR10395197,2020,sp8,HW1,heat_antibiotics,32,TRUE,TRUE,
ConnellyEAPSI,PRJNA587509,SRR10395198,2020,sp8,HW1,heat_antibiotics,32,TRUE,TRUE,
Chuang-Mitarai2020,PRJNA595781,SRR10708182,2020,acuta,CM10,salinity,,FALSE,TRUE,
Chuang-Mitarai2020,PRJNA595781,SRR10708183,2020,acuta,CM10,salinity,,FALSE,TRUE,
Chuang-Mitarai2020,PRJNA595781,SRR10708184,2020,acuta,CM10,salinity,,FALSE,TRUE,
Chuang-Mitarai2020,PRJNA595781,SRR10708185,2020,acuta,CM10,salinity,,TRUE,TRUE,
Chuang-Mitarai2020,PRJNA595781,SRR10708186,2020,acuta,CM10,control,,TRUE,TRUE,
Chuang-Mitarai2020,PRJNA595781,SRR10708187,2020,acuta,CM10,control,,TRUE,TRUE,
Chuang-Mitarai2020,PRJNA595781,SRR10708188,2020,acuta,CM10,control,,TRUE,TRUE,
Chuang-Mitarai2020,PRJNA595781,SRR10708225,2020,acuta,CM11,salinity,,TRUE,TRUE,
Chuang-Mitarai2020,PRJNA595781,SRR10708226,2020,acuta,CM11,control,,TRUE,TRUE,
Chuang-Mitarai2020,PRJNA595781,SRR10708227,2020,acuta,CM11,control,,TRUE,TRUE,
Chuang-Mitarai2020,PRJNA595781,SRR10708228,2020,acuta,CM11,control,,TRUE,TRUE,
Chuang-Mitarai2020,PRJNA595781,SRR10708229,2020,acuta,CM11,salinity,,FALSE,TRUE,
Chuang-Mitarai2020,PRJNA595781,SRR10708230,2020,acuta,CM11,salinity,,FALSE,TRUE,
Chuang-Mitarai2020,PRJNA595781,SRR10708231,2020,acuta,CM11,salinity,,FALSE,TRUE,
Chuang-Mitarai2020,PRJNA595781,SRR10696823,2020,acuta,CM7,salinity,,FALSE,TRUE,
Chuang-Mitarai2020,PRJNA595781,SRR10696824,2020,acuta,CM7,salinity,,FALSE,TRUE,
Chuang-Mitarai2020,PRJNA595781,SRR10696825,2020,acuta,CM7,salinity,,FALSE,TRUE,
Chuang-Mitarai2020,PRJNA595781,SRR10696826,2020,acuta,CM7,salinity,,TRUE,TRUE,
Chuang-Mitarai2020,PRJNA595781,SRR10696827,2020,acuta,CM7,control,,TRUE,TRUE,
Chuang-Mitarai2020,PRJNA595781,SRR10696828,2020,acuta,CM7,control,,TRUE,TRUE,
Chuang-Mitarai2020,PRJNA595781,SRR10696829,2020,acuta,CM7,control,,TRUE,TRUE,
Li2020,PRJNA559028,SRR9963822,2020,damicornis,L1,heat,32,TRUE,TRUE,
Li2020,PRJNA559028,SRR9963823,2020,damicornis,L1,heat,32,TRUE,TRUE,
Li2020,PRJNA559028,SRR9963824,2020,damicornis,L1,heat,32,TRUE,TRUE,
Li2020,PRJNA559028,SRR9963825,2020,damicornis,L1,heat,31,TRUE,TRUE,
Li2020,PRJNA559028,SRR9963826,2020,damicornis,L1,heat,29,TRUE,TRUE,
Li2020,PRJNA559028,SRR9963827,2020,damicornis,L1,heat,29,TRUE,TRUE,
Li2020,PRJNA559028,SRR9963828,2020,damicornis,L1,heat,31,TRUE,TRUE,
Li2020,PRJNA559028,SRR9963829,2020,damicornis,L1,heat,31,TRUE,TRUE,
Li2020,PRJNA559028,SRR9963830,2020,damicornis,L1,control,25,TRUE,TRUE,
Li2020,PRJNA559028,SRR9963831,2020,damicornis,L1,control,25,TRUE,TRUE,
Li2020,PRJNA559028,SRR9963832,2020,damicornis,L1,heat,29,TRUE,TRUE,
Li2020,PRJNA559028,SRR9963833,2020,damicornis,L1,control,25,TRUE,TRUE,
Becker2021,PRJNA744403,SRR15101688,2021,meandrina,,control,,TRUE,TRUE,
Becker2021,PRJNA744403,SRR15101689,2021,meandrina,,control,,TRUE,TRUE,
Becker2021,PRJNA744403,SRR15101690,2021,grandis,,control,,TRUE,TRUE,
Becker2021,PRJNA744403,SRR15101691,2021,meandrina,,control,,TRUE,TRUE,
Becker2021,PRJNA744403,SRR15101692,2021,meandrina,,control,,TRUE,TRUE,
Becker2021,PRJNA744403,SRR15101693,2021,meandrina,,control,,TRUE,TRUE,
Becker2021,PRJNA744403,SRR15101694,2021,meandrina,,control,,TRUE,TRUE,
Becker2021,PRJNA744403,SRR15101695,2021,meandrina,,control,,TRUE,TRUE,
Becker2021,PRJNA744403,SRR15101696,2021,meandrina,,control,,TRUE,TRUE,
Becker2021,PRJNA744403,SRR15101697,2021,meandrina,,control,,TRUE,TRUE,
Becker2021,PRJNA744403,SRR15101699,2021,meandrina,,control,,TRUE,TRUE,
Becker2021,PRJNA744403,SRR15101700,2021,meandrina,,control,,TRUE,TRUE,
Becker2021,PRJNA744403,SRR15101701,2021,meandrina,,enriched,,TRUE,TRUE,
Becker2021,PRJNA744403,SRR15101702,2021,grandis,,enriched,,TRUE,TRUE,
Becker2021,PRJNA744403,SRR15101703,2021,meandrina,,enriched,,TRUE,TRUE,
Becker2021,PRJNA744403,SRR15101704,2021,meandrina,,enriched,,TRUE,TRUE,
Becker2021,PRJNA744403,SRR15101705,2021,meandrina,,enriched,,TRUE,TRUE,
Becker2021,PRJNA744403,SRR15101706,2021,meandrina,,enriched,,TRUE,TRUE,
Becker2021,PRJNA744403,SRR15101707,2021,meandrina,,enriched,,TRUE,TRUE,
Becker2021,PRJNA744403,SRR15101708,2021,meandrina,,enriched,,TRUE,TRUE,
Becker2021,PRJNA744403,SRR15101710,2021,meandrina,,enriched,,TRUE,TRUE,
Becker2021,PRJNA744403,SRR15101711,2021,meandrina,,enriched,,TRUE,TRUE,
Becker2021,PRJNA744403,SRR15101712,2021,meandrina,,enriched,,TRUE,TRUE,
Becker2021,PRJNA744403,SRR15101713,2021,meandrina,,enriched,,TRUE,TRUE,
Becker2021,PRJNA744403,SRR15101715,2021,grandis,,enriched,,TRUE,TRUE,
Becker2021,PRJNA744403,SRR15101718,2021,meandrina,,control,,TRUE,TRUE,
Becker2021,PRJNA744403,SRR15101719,2021,meandrina,,control,,TRUE,TRUE,
Becker2021,PRJNA744403,SRR15101720,2021,grandis,,control,,TRUE,TRUE,
Becker2021,PRJNA744403,SRR15101721,2021,meandrina,,control,,TRUE,TRUE,
Becker2021,PRJNA744403,SRR15101722,2021,meandrina,,enriched,,TRUE,TRUE,
Becker2021,PRJNA744403,SRR15101723,2021,grandis,,enriched,,TRUE,TRUE,
Becker2021,PRJNA744403,SRR15101724,2021,meandrina,,enriched,,TRUE,TRUE,
Rutgers2021,PRJNA761443,SRR16077711,2021,meandrina,,control,,TRUE,TRUE,
Stephens2021,PRJNA731596,SRR14610884,2021,acuta,,Ambient Temperature High pCO2: 1 week - PlugID 2999,27.5,TRUE,TRUE,
Stephens2021,PRJNA731596,SRR14610885,2021,acuta,,Ambient Temperature High pCO2: 1 week - PlugID 2870,27.5,TRUE,TRUE,
Stephens2021,PRJNA731596,SRR14610886,2021,acuta,,Ambient Temperature High pCO2: 1 week - PlugID 1254,27.5,TRUE,TRUE,
Stephens2021,PRJNA731596,SRR14610887,2021,acuta,,Ambient Temperature High pCO2: 30 hours - PlugID 2877,27.5,TRUE,TRUE,
Stephens2021,PRJNA731596,SRR14610888,2021,acuta,,Ambient Temperature High pCO2: 30 hours - PlugID 2212,27.5,TRUE,TRUE,
Stephens2021,PRJNA731596,SRR14610889,2021,acuta,,Ambient Temperature High pCO2: 30 hours - PlugID 1296,27.5,TRUE,TRUE,
Stephens2021,PRJNA731596,SRR14610890,2021,acuta,,Ambient Temperature High pCO2: 12 hours - PlugID 2993,27.5,TRUE,TRUE,
Stephens2021,PRJNA731596,SRR14610892,2021,acuta,,Ambient Temperature High pCO2: 12 hours - PlugID 2733,27.5,TRUE,TRUE,
Stephens2021,PRJNA731596,SRR14610893,2021,acuta,,Ambient Temperature High pCO2: 12 hours - PlugID 1220,27.5,TRUE,TRUE,
Stephens2021,PRJNA731596,SRR14610894,2021,acuta,,Ambient Temperature High pCO2: 6 hours - PlugID 2750,27.5,TRUE,TRUE,
Stephens2021,PRJNA731596,SRR14610895,2021,acuta,,Ambient Temperature High pCO2: 6 hours - PlugID 2534,27.5,TRUE,TRUE,
Stephens2021,PRJNA731596,SRR14610896,2021,acuta,,Ambient Temperature High pCO2: 6 hours - PlugID 1219,27.5,TRUE,TRUE,
Stephens2021,PRJNA731596,SRR14610897,2021,acuta,,Ambient Temperature High pCO2: 0 hours - PlugID 2977,27.5,TRUE,TRUE,
Stephens2021,PRJNA731596,SRR14610898,2021,acuta,,Ambient Temperature High pCO2: 0 hours - PlugID 2743,27.5,TRUE,TRUE,
Stephens2021,PRJNA731596,SRR14610899,2021,acuta,,Ambient Temperature High pCO2: 0 hours - PlugID 1207,27.5,TRUE,TRUE,
Stephens2021,PRJNA731596,SRR14610900,2021,acuta,,Ambient Temperature Ambient pCO2: 12 weeks - PlugID 2306,27.5,TRUE,TRUE,
Stephens2021,PRJNA731596,SRR14610901,2021,acuta,,Ambient Temperature Ambient pCO2: 12 weeks - PlugID 1777,27.5,TRUE,TRUE,
Stephens2021,PRJNA731596,SRR14610903,2021,acuta,,Ambient Temperature Ambient pCO2: 12 weeks - PlugID 1103,27.5,TRUE,TRUE,
Stephens2021,PRJNA731596,SRR14610904,2021,acuta,,Ambient Temperature Ambient pCO2: 8 weeks - PlugID 1641,27.5,TRUE,TRUE,
Stephens2021,PRJNA731596,SRR14610905,2021,acuta,,Ambient Temperature Ambient pCO2: 8 weeks - PlugID 1559,27.5,TRUE,TRUE,
Stephens2021,PRJNA731596,SRR14610906,2021,acuta,,Ambient Temperature Ambient pCO2: 8 weeks - PlugID 1159,27.5,TRUE,TRUE,
Stephens2021,PRJNA731596,SRR14610907,2021,acuta,,Ambient Temperature Ambient pCO2: 6 weeks - PlugID 2357,27.5,TRUE,TRUE,
Stephens2021,PRJNA731596,SRR14610908,2021,acuta,,Ambient Temperature Ambient pCO2: 6 weeks - PlugID 1594,27.5,TRUE,TRUE,
Stephens2021,PRJNA731596,SRR14610909,2021,acuta,,Ambient Temperature Ambient pCO2: 6 weeks - PlugID 1141,27.5,TRUE,TRUE,
Stephens2021,PRJNA731596,SRR14610910,2021,acuta,,Ambient Temperature Ambient pCO2: 4 weeks - PlugID 2012,27.5,TRUE,TRUE,
Stephens2021,PRJNA731596,SRR14610911,2021,acuta,,Ambient Temperature Ambient pCO2: 4 weeks - PlugID 1755,27.5,TRUE,TRUE,
Stephens2021,PRJNA731596,SRR14610912,2021,acuta,,Ambient Temperature Ambient pCO2: 4 weeks - PlugID 1051,27.5,TRUE,TRUE,
Stephens2021,PRJNA731596,SRR14610914,2021,acuta,,Ambient Temperature Ambient pCO2: 2 weeks - PlugID 2413,27.5,TRUE,TRUE,
Stephens2021,PRJNA731596,SRR14610915,2021,acuta,,Ambient Temperature Ambient pCO2: 2 weeks - PlugID 1445,27.5,TRUE,TRUE,
Stephens2021,PRJNA731596,SRR14610916,2021,acuta,,Ambient Temperature Ambient pCO2: 2 weeks - PlugID 1047,27.5,TRUE,TRUE,
Stephens2021,PRJNA731596,SRR14610917,2021,acuta,,Ambient Temperature Ambient pCO2: 1 week - PlugID 1542,27.5,TRUE,TRUE,
Stephens2021,PRJNA731596,SRR14610918,2021,acuta,,Ambient Temperature Ambient pCO2: 1 week - PlugID 1468,27.5,TRUE,TRUE,
Stephens2021,PRJNA731596,SRR14610919,2021,acuta,,Ambient Temperature Ambient pCO2: 1 week - PlugID 1050,27.5,TRUE,TRUE,
Stephens2021,PRJNA731596,SRR14610920,2021,acuta,,Ambient Temperature Ambient pCO2: 30 hours - PlugID 1757,27.5,TRUE,TRUE,
Stephens2021,PRJNA731596,SRR14610921,2021,acuta,,Ambient Temperature Ambient pCO2: 30 hours - PlugID 1563,27.5,TRUE,TRUE,
Stephens2021,PRJNA731596,SRR14610922,2021,acuta,,Ambient Temperature Ambient pCO2: 30 hours - PlugID 1059,27.5,TRUE,TRUE,
Stephens2021,PRJNA731596,SRR14610923,2021,acuta,,Ambient Temperature Ambient pCO2: 12 hours - PlugID 2002,27.5,TRUE,TRUE,
Stephens2021,PRJNA731596,SRR14610925,2021,acuta,,Ambient Temperature Ambient pCO2: 12 hours - PlugID 1762,27.5,TRUE,TRUE,
Stephens2021,PRJNA731596,SRR14610926,2021,acuta,,Ambient Temperature Ambient pCO2: 12 hours - PlugID 1060,27.5,TRUE,TRUE,
Stephens2021,PRJNA731596,SRR14610927,2021,acuta,,Ambient Temperature Ambient pCO2: 6 hours - PlugID 1637,27.5,TRUE,TRUE,
Stephens2021,PRJNA731596,SRR14610928,2021,acuta,,Ambient Temperature Ambient pCO2: 6 hours - PlugID 1471,27.5,TRUE,TRUE,
Stephens2021,PRJNA731596,SRR14610929,2021,acuta,,Ambient Temperature Ambient pCO2: 6 hours - PlugID 1041,27.5,TRUE,TRUE,
Stephens2021,PRJNA731596,SRR14610930,2021,acuta,,Ambient Temperature Ambient pCO2: 0 hours - PlugID 2363,27.5,TRUE,TRUE,
Stephens2021,PRJNA731596,SRR14610931,2021,acuta,,Ambient Temperature Ambient pCO2: 0 hours - PlugID 1775,27.5,TRUE,TRUE,
Stephens2021,PRJNA731596,SRR14610932,2021,acuta,,Ambient Temperature Ambient pCO2: 0 hours - PlugID 1043,27.5,TRUE,TRUE,
Stephens2021,PRJNA731596,SRR14610975,2021,acuta,,High Temperature High pCO2: 12 weeks - PlugID 2185,29.5,TRUE,TRUE,
Stephens2021,PRJNA731596,SRR14610977,2021,acuta,,High Temperature High pCO2: 12 weeks - PlugID 1416,29.5,TRUE,TRUE,
Stephens2021,PRJNA731596,SRR14610978,2021,acuta,,High Temperature High pCO2: 8 weeks - PlugID 2300,29.5,TRUE,TRUE,
Stephens2021,PRJNA731596,SRR14610979,2021,acuta,,High Temperature High pCO2: 8 weeks - PlugID 1732,29.5,TRUE,TRUE,
Stephens2021,PRJNA731596,SRR14610980,2021,acuta,,High Temperature High pCO2: 8 weeks - PlugID 1238,29.5,TRUE,TRUE,
Stephens2021,PRJNA731596,SRR14610981,2021,acuta,,High Temperature High pCO2: 6 weeks - PlugID 2305,29.5,TRUE,TRUE,
Stephens2021,PRJNA731596,SRR14610982,2021,acuta,,High Temperature High pCO2: 6 weeks - PlugID 2202,29.5,TRUE,TRUE,
Stephens2021,PRJNA731596,SRR14610983,2021,acuta,,High Temperature High pCO2: 6 weeks - PlugID 1131,29.5,TRUE,TRUE,
Stephens2021,PRJNA731596,SRR14610984,2021,acuta,,High Temperature High pCO2: 4 weeks - PlugID 2304,29.5,TRUE,TRUE,
Stephens2021,PRJNA731596,SRR14610985,2021,acuta,,High Temperature High pCO2: 4 weeks - PlugID 1709,29.5,TRUE,TRUE,
Stephens2021,PRJNA731596,SRR14610986,2021,acuta,,High Temperature High pCO2: 4 weeks - PlugID 1184,29.5,TRUE,TRUE,
Stephens2021,PRJNA731596,SRR14610988,2021,acuta,,High Temperature High pCO2: 2 weeks - PlugID 1820,29.5,TRUE,TRUE,
Stephens2021,PRJNA731596,SRR14610989,2021,acuta,,High Temperature High pCO2: 2 weeks - PlugID 1427,29.5,TRUE,TRUE,
Stephens2021,PRJNA731596,SRR14610990,2021,acuta,,High Temperature High pCO2: 2 weeks - PlugID 1090,29.5,TRUE,TRUE,
Stephens2021,PRJNA731596,SRR14610991,2021,acuta,,High Temperature High pCO2: 1 week - PlugID 1721,29.5,TRUE,TRUE,
Stephens2021,PRJNA731596,SRR14610992,2021,acuta,,High Temperature High pCO2: 1 week - PlugID 1595,29.5,TRUE,TRUE,
Stephens2021,PRJNA731596,SRR14610993,2021,acuta,,High Temperature High pCO2: 1 week - PlugID 1138,29.5,TRUE,TRUE,
Stephens2021,PRJNA731596,SRR14610994,2021,acuta,,High Temperature High pCO2: 30 hours - PlugID 2087,29.5,TRUE,TRUE,
Stephens2021,PRJNA731596,SRR14610995,2021,acuta,,High Temperature High pCO2: 30 hours - PlugID 1415,29.5,TRUE,TRUE,
Stephens2021,PRJNA731596,SRR14610996,2021,acuta,,High Temperature High pCO2: 30 hours - PlugID 1168,29.5,TRUE,TRUE,
Stephens2021,PRJNA731596,SRR14610997,2021,acuta,,High Temperature High pCO2: 12 hours - PlugID 2195,29.5,TRUE,TRUE,
Stephens2021,PRJNA731596,SRR14610999,2021,acuta,,High Temperature High pCO2: 12 hours - PlugID 1343,29.5,TRUE,TRUE,
Stephens2021,PRJNA731596,SRR14611000,2021,acuta,,High Temperature High pCO2: 12 hours - PlugID 1169,29.5,TRUE,TRUE,
Stephens2021,PRJNA731596,SRR14611001,2021,acuta,,High Temperature High pCO2: 6 hours - PlugID 2527,29.5,TRUE,TRUE,
Stephens2021,PRJNA731596,SRR14611002,2021,acuta,,High Temperature High pCO2: 6 hours - PlugID 1418,29.5,TRUE,TRUE,
Stephens2021,PRJNA731596,SRR14611003,2021,acuta,,High Temperature High pCO2: 6 hours - PlugID 1227,29.5,TRUE,TRUE,
Stephens2021,PRJNA731596,SRR14611004,2021,acuta,,High Temperature High pCO2: 0 hours - PlugID 2210,29.5,TRUE,TRUE,
Stephens2021,PRJNA731596,SRR14611005,2021,acuta,,High Temperature High pCO2: 0 hours - PlugID 1676,29.5,TRUE,TRUE,
Stephens2021,PRJNA731596,SRR14611006,2021,acuta,,High Temperature High pCO2: 0 hours - PlugID 1239,29.5,TRUE,TRUE,
Stephens2021,PRJNA731596,SRR14611007,2021,acuta,,High Temperature Ambient pCO2: 12 weeks - PlugID 1647,29.5,TRUE,TRUE,
Stephens2021,PRJNA731596,SRR14611008,2021,acuta,,High Temperature Ambient pCO2: 12 weeks - PlugID 1596,29.5,TRUE,TRUE,
Stephens2021,PRJNA731596,SRR14611010,2021,acuta,,High Temperature Ambient pCO2: 12 weeks - PlugID 1582,29.5,TRUE,TRUE,
Stephens2021,PRJNA731596,SRR14611011,2021,acuta,,High Temperature Ambient pCO2: 8 weeks - PlugID 2064,29.5,TRUE,TRUE,
Stephens2021,PRJNA731596,SRR14611012,2021,acuta,,High Temperature Ambient pCO2: 8 weeks - PlugID 1536,29.5,TRUE,TRUE,
Stephens2021,PRJNA731596,SRR14611013,2021,acuta,,High Temperature Ambient pCO2: 8 weeks - PlugID 1225,29.5,TRUE,TRUE,
Stephens2021,PRJNA731596,SRR14611014,2021,acuta,,High Temperature Ambient pCO2: 6 weeks - PlugID 1696,29.5,TRUE,TRUE,
Stephens2021,PRJNA731596,SRR14611015,2021,acuta,,High Temperature Ambient pCO2: 6 weeks - PlugID 1486,29.5,TRUE,TRUE,
Stephens2021,PRJNA731596,SRR14611016,2021,acuta,,High Temperature Ambient pCO2: 6 weeks - PlugID 1302,29.5,TRUE,TRUE,
Stephens2021,PRJNA731596,SRR14611017,2021,acuta,,High Temperature Ambient pCO2: 4 weeks - PlugID 2513,29.5,TRUE,TRUE,
Stephens2021,PRJNA731596,SRR14611018,2021,acuta,,High Temperature Ambient pCO2: 4 weeks - PlugID 1765,29.5,TRUE,TRUE,
Stephens2021,PRJNA731596,SRR14611019,2021,acuta,,High Temperature Ambient pCO2: 4 weeks - PlugID 1329,29.5,TRUE,TRUE,
Stephens2021,PRJNA731596,SRR14611021,2021,acuta,,High Temperature Ambient pCO2: 2 weeks - PlugID 2072,29.5,TRUE,TRUE,
Stephens2021,PRJNA731596,SRR14611022,2021,acuta,,High Temperature Ambient pCO2: 2 weeks - PlugID 1728,29.5,TRUE,TRUE,
Stephens2021,PRJNA731596,SRR14611023,2021,acuta,,High Temperature Ambient pCO2: 2 weeks - PlugID 1487,29.5,TRUE,TRUE,
Stephens2021,PRJNA731596,SRR14611024,2021,acuta,,High Temperature Ambient pCO2: 1 week - PlugID 1744,29.5,TRUE,TRUE,
Stephens2021,PRJNA731596,SRR14611025,2021,acuta,,High Temperature Ambient pCO2: 1 week - PlugID 1466,29.5,TRUE,TRUE,
Stephens2021,PRJNA731596,SRR14611026,2021,acuta,,High Temperature Ambient pCO2: 1 week - PlugID 1330,29.5,TRUE,TRUE,
Stephens2021,PRJNA731596,SRR14611027,2021,acuta,,High Temperature Ambient pCO2: 30 hours - PlugID 1707,29.5,TRUE,TRUE,
Stephens2021,PRJNA731596,SRR14611028,2021,acuta,,High Temperature Ambient pCO2: 30 hours - PlugID 1571,29.5,TRUE,TRUE,
Stephens2021,PRJNA731596,SRR14611029,2021,acuta,,High Temperature Ambient pCO2: 30 hours - PlugID 1303,29.5,TRUE,TRUE,
Stephens2021,PRJNA731596,SRR14611030,2021,acuta,,High Temperature Ambient pCO2: 12 hours - PlugID 1767,29.5,TRUE,TRUE,
Stephens2021,PRJNA731596,SRR14611033,2021,acuta,,High Temperature Ambient pCO2: 12 hours - PlugID 1701,29.5,TRUE,TRUE,
Stephens2021,PRJNA731596,SRR14611034,2021,acuta,,High Temperature Ambient pCO2: 12 hours - PlugID 1581,29.5,TRUE,TRUE,
Stephens2021,PRJNA731596,SRR14611035,2021,acuta,,High Temperature Ambient pCO2: 6 hours - PlugID 2026,29.5,TRUE,TRUE,
Stephens2021,PRJNA731596,SRR14611036,2021,acuta,,High Temperature Ambient pCO2: 6 hours - PlugID 1642,29.5,TRUE,TRUE,
Stephens2021,PRJNA731596,SRR14611037,2021,acuta,,High Temperature Ambient pCO2: 6 hours - PlugID 1617,29.5,TRUE,TRUE,
Stephens2021,PRJNA731596,SRR14611038,2021,acuta,,High Temperature Ambient pCO2: 0 hours - PlugID 2414,29.5,TRUE,TRUE,
Stephens2021,PRJNA731596,SRR14611039,2021,acuta,,High Temperature Ambient pCO2: 0 hours - PlugID 2005,29.5,TRUE,TRUE,
Stephens2021,PRJNA731596,SRR14611040,2021,acuta,,High Temperature Ambient pCO2: 0 hours - PlugID 1653,29.5,TRUE,TRUE,
Stephens2021,PRJNA731596,SRR14611041,2021,acuta,,Ambient Temperature High pCO2: 12 weeks - PlugID 2879,27.5,TRUE,TRUE,
Stephens2021,PRJNA731596,SRR14611042,2021,acuta,,Ambient Temperature High pCO2: 12 weeks - PlugID 2668,27.5,TRUE,TRUE,
Stephens2021,PRJNA731596,SRR14611044,2021,acuta,,Ambient Temperature High pCO2: 12 weeks - PlugID 1147,27.5,TRUE,TRUE,
Stephens2021,PRJNA731596,SRR14611045,2021,acuta,,Ambient Temperature High pCO2: 8 weeks - PlugID 2550,27.5,TRUE,TRUE,
Stephens2021,PRJNA731596,SRR14611046,2021,acuta,,Ambient Temperature High pCO2: 8 weeks - PlugID 2197,27.5,TRUE,TRUE,
Stephens2021,PRJNA731596,SRR14611047,2021,acuta,,Ambient Temperature High pCO2: 8 weeks - PlugID 1205,27.5,TRUE,TRUE,
Stephens2021,PRJNA731596,SRR14611048,2021,acuta,,Ambient Temperature High pCO2: 6 weeks - PlugID 2979,27.5,TRUE,TRUE,
Stephens2021,PRJNA731596,SRR14611049,2021,acuta,,Ambient Temperature High pCO2: 6 weeks - PlugID 2873,27.5,TRUE,TRUE,
Stephens2021,PRJNA731596,SRR14611050,2021,acuta,,Ambient Temperature High pCO2: 6 weeks - PlugID 1451,27.5,TRUE,TRUE,
Stephens2021,PRJNA731596,SRR14611051,2021,acuta,,Ambient Temperature High pCO2: 4 weeks - PlugID 2861,27.5,TRUE,TRUE,
Stephens2021,PRJNA731596,SRR14611052,2021,acuta,,Ambient Temperature High pCO2: 4 weeks - PlugID 2564,27.5,TRUE,TRUE,
Stephens2021,PRJNA731596,SRR14611053,2021,acuta,,Ambient Temperature High pCO2: 4 weeks - PlugID 1459,27.5,TRUE,TRUE,
Stephens2021,PRJNA731596,SRR14611055,2021,acuta,,Ambient Temperature High pCO2: 2 weeks - PlugID 2878,27.5,TRUE,TRUE,
Stephens2021,PRJNA731596,SRR14611056,2021,acuta,,Ambient Temperature High pCO2: 2 weeks - PlugID 2409,27.5,TRUE,TRUE,
Stephens2021,PRJNA731596,SRR14611057,2021,acuta,,Ambient Temperature High pCO2: 2 weeks - PlugID 1281,27.5,TRUE,TRUE,
Zhu2021,PRJNA544778,SRR12710856,2021,damicornis,,Coral_OA_1_day3_3,,TRUE,TRUE,
Zhu2021,PRJNA544778,SRR12710862,2021,damicornis,,Coral_OA_1_day9_3,,TRUE,TRUE,
Zhu2021,PRJNA544778,SRR12710863,2021,damicornis,,Coral_OA_1_day9_2,,TRUE,TRUE,
Zhu2021,PRJNA544778,SRR12710864,2021,damicornis,,Coral_OA_1_day9_1,,TRUE,TRUE,
Zhu2021,PRJNA544778,SRR12710867,2021,damicornis,,Coral_OA_1_day3_2,,TRUE,TRUE,
Zhu2021,PRJNA544778,SRR12710868,2021,damicornis,,Coral_OA_1_day3_1,,TRUE,TRUE,
Zhu2021,PRJNA544778,SRR12786902,2021,damicornis,,Coral_OA_1_day0_3,,TRUE,TRUE,
Zhu2021,PRJNA544778,SRR12786905,2021,damicornis,,Coral_OA_1_day0_2,,TRUE,TRUE,
Zhu2021,PRJNA544778,SRR12786906,2021,damicornis,,Coral_OA_1_day0_1,,TRUE,TRUE,
Zhu2021,PRJNA544778,SRR12904788,2021,damicornis,,Reef-building coral 5_3,,TRUE,TRUE,
Zhu2021,PRJNA544778,SRR12904789,2021,damicornis,,Reef-building coral 5_2,,TRUE,TRUE,
Zhu2021,PRJNA544778,SRR12904790,2021,damicornis,,Reef-building coral 5_1,,TRUE,TRUE,
Grupstra2022,PRJNA778019,SRR16897911,2022,verrucosa,GR5,control,,TRUE,TRUE,
Grupstra2022,PRJNA778019,SRR16897914,2022,verrucosa,GR1,control,,TRUE,TRUE,
Grupstra2022,PRJNA778019,SRR16897910,2022,verrucosa,GR5,heat,,TRUE,TRUE,
Grupstra2022,PRJNA778019,SRR16897912,2022,verrucosa,GR5,control,,TRUE,TRUE,
Grupstra2022,PRJNA778019,SRR16897913,2022,verrucosa,GR4,heat,,TRUE,TRUE,