Run,Assay Type,AvgSpotLen,BioProject,BioSample,BioSampleModel,Center Name,collection_date,Consent,DATASTORE filetype,DATASTORE provider,DATASTORE region,Experiment,geo_loc_name_country,geo_loc_name_country_continent,geo_loc_name,Instrument,Library Name,LibraryLayout,LibrarySelection,LibrarySource,MBases,MBytes,Organism,Platform,ReleaseDate,sample_acc,Sample Name,SRA Study,tissue,treatment,lat_lon,Breed,isolation_source,Host,isolate,collection_site,dev_stage
SRR7040514,RNA-Seq,502,PRJNA435468,SAMN08918383,Invertebrate,NATIONAL UNIVERSITY OF SINGAPORE,Oct-2015,public,sra,"gs,ncbi,s3","gs.US,ncbi.public,s3.us-east-1",SRX3972552,Singapore,Asia,Singapore,Illumina HiSeq 2500,KHS1_2_TCTCGCGC-ATAGAGGC,PAIRED,cDNA,TRANSCRIPTOMIC,9944,6083,Pocillopora acuta,ILLUMINA,2018-04-30T00:00:00Z,SRS3197989,KHS2,SRP136297,adult coral,heat with sediment,,not applicable,not applicable,,,,
SRR7041301,RNA-Seq,502,PRJNA435468,SAMN08918391,Invertebrate,NATIONAL UNIVERSITY OF SINGAPORE,Oct-2015,public,sra,"gs,ncbi,s3","gs.US,ncbi.public,s3.us-east-1",SRX3973339,Singapore,Asia,Singapore,Illumina HiSeq 2500,KHS1_3_AGCGATAG-ATAGAGGC,PAIRED,cDNA,TRANSCRIPTOMIC,8737,5299,Pocillopora acuta,ILLUMINA,2018-04-30T00:00:00Z,SRS3198821,KHS3,SRP136297,adult coral,heat with sediment,1.2257 N 103.8602 E,not applicable,not applicable,,,,
SRR7043013,RNA-Seq,502,PRJNA435468,SAMN08957534,Invertebrate,NATIONAL UNIVERSITY OF SINGAPORE,Oct-2015,public,sra,"gs,ncbi,s3","gs.US,ncbi.public,s3.us-east-1",SRX3974934,Singapore,Asia,Singapore,Illumina HiSeq 2500,SA1_2_TCCGGAGA-CCTATCCT,PAIRED,cDNA,TRANSCRIPTOMIC,3633,2242,Pocillopora acuta,ILLUMINA,2018-04-30T00:00:00Z,SRS3200185,SA2,SRP136297,adult coral,Control,1.2236 N 103.8452 E,not applicable,not applicable,,,,
SRR7043704,RNA-Seq,502,PRJNA435468,SAMN08957536,Invertebrate,NATIONAL UNIVERSITY OF SINGAPORE,Oct-2015,public,sra,"gs,ncbi,s3","gs.US,ncbi.public,s3.us-east-1",SRX3975625,Singapore,Asia,Singapore,Illumina HiSeq 2500,SA1_3_CGCTCATT-CCTATCCT_,PAIRED,cDNA,TRANSCRIPTOMIC,5500,3367,Pocillopora acuta,ILLUMINA,2018-04-30T00:00:00Z,SRS3200837,SA3,SRP136297,adult coral,Control,1.2236 N 103.8452 E,not applicable,not applicable,,,,
SRR7046161,RNA-Seq,502,PRJNA435468,SAMN08957541,Invertebrate,NATIONAL UNIVERSITY OF SINGAPORE,Oct-2015,public,sra,"gs,ncbi,s3","gs.US,ncbi.public,s3.us-east-1",SRX3978082,Singapore,Asia,Singapore,Illumina HiSeq 2500,SAS1_1_GAGATTCC-CCTATCCT,PAIRED,cDNA,TRANSCRIPTOMIC,4946,3021,Pocillopora acuta,ILLUMINA,2018-04-30T00:00:00Z,SRS3203261,SAS1,SRP136297,adult coral,sediment-only,1.2236 N 103.8452 E,not applicable,not applicable,,,,
SRR6914151,RNA-Seq,502,PRJNA435468,SAMN08803138,Invertebrate,NATIONAL UNIVERSITY OF SINGAPORE,Oct-2015,public,sra,"gs,ncbi,s3","gs.US,ncbi.public,s3.us-east-1",SRX3861936,Singapore,Asia,Singapore,Illumina HiSeq 2500,RAS1_3_ATTACTCG-TATAGCCT,PAIRED,cDNA,TRANSCRIPTOMIC,6126,3721,Pocillopora acuta,ILLUMINA,2018-04-30T00:00:00Z,SRS3104098,RAS1.3,SRP136297,adult,sediment-only,1.1602 N 103.7403 E,,,not applicable,not applicable,,
SRR6914609,RNA-Seq,502,PRJNA435468,SAMN08803137,Invertebrate,NATIONAL UNIVERSITY OF SINGAPORE,Oct-2015,public,sra,"gs,ncbi,s3","gs.US,ncbi.public,s3.us-east-1",SRX3862383,Singapore,Asia,Singapore,Illumina HiSeq 2500,RAS1_2_ATTACTCG-TATAGCCT,PAIRED,cDNA,TRANSCRIPTOMIC,6509,3920,Pocillopora acuta,ILLUMINA,2018-04-30T00:00:00Z,SRS3104533,RAS1.2,SRP136297,adult,sediment-only,1.1602 N 103.7403 E,,,not applicable,not applicable,,
SRR6914908,RNA-Seq,502,PRJNA435468,SAMN08813105,Invertebrate,NATIONAL UNIVERSITY OF SINGAPORE,Oct-2015,public,sra,"gs,ncbi,s3","gs.US,ncbi.public,s3.us-east-1",SRX3862618,Singapore,Asia,Singapore,Illumina HiSeq 2500,RH1_1_GAGATTCC-TATAGCCT,PAIRED,cDNA,TRANSCRIPTOMIC,14329,8705,Pocillopora acuta,ILLUMINA,2018-04-30T00:00:00Z,SRS3104706,RH1.1,SRP136297,adult coral,heat-only,1.1602 N 103.7403 E,,,not applicable,not applicable,,
SRR7039808,RNA-Seq,502,PRJNA435468,SAMN08918379,Invertebrate,NATIONAL UNIVERSITY OF SINGAPORE,Oct-2015,public,sra,"gs,ncbi,s3","gs.US,ncbi.public,s3.us-east-1",SRX3971846,Singapore,Asia,Singapore,Illumina HiSeq 2500,KHS1_1_TCCGCGAA-ATAGAGGC,PAIRED,cDNA,TRANSCRIPTOMIC,5687,3516,Pocillopora acuta,ILLUMINA,2018-04-30T00:00:00Z,SRS3197323,KHS1,SRP136297,adult coral,heat with sediment,,not applicable,not applicable,,,,
SRR6942729,RNA-Seq,502,PRJNA435468,SAMN08862062,Invertebrate,NATIONAL UNIVERSITY OF SINGAPORE,Oct-2015,public,sra,"gs,ncbi,s3","gs.US,ncbi.public,s3.us-east-1",SRX3886664,Singapore,Asia,Singapore,Illumina HiSeq 2500,RHS1_3_CTGAAGCT-TATAGCCT,PAIRED,cDNA,TRANSCRIPTOMIC,6663,4096,Pocillopora acuta,ILLUMINA,2018-04-30T00:00:00Z,SRS3125387,RHS3,SRP136297,adult coral,heat with sediment,1.1602 N 103.7403 E,not applicable,not applicable,,,,
SRR6987146,RNA-Seq,502,PRJNA435468,SAMN08892296,Invertebrate,NATIONAL UNIVERSITY OF SINGAPORE,Oct-2015,public,sra,"gs,ncbi,s3","gs.US,ncbi.public,s3.us-east-1",SRX3926660,Singapore,Asia,Singapore,Illumina HiSeq 2500,KH1_3_CGGCTATG-ATAGAGGC,PAIRED,cDNA,TRANSCRIPTOMIC,10499,6435,Pocillopora acuta,ILLUMINA,2018-04-30T00:00:00Z,SRS3160380,KH3,SRP136297,adult coral,heat-only,1.2257 N 103.8602 E,not applicable,not applicable,,,,
SRR6881951,RNA-Seq,35,PRJNA435468,SAMN08580106,Invertebrate,NATIONAL UNIVERSITY OF SINGAPORE,Oct-2015,public,sra,"gs,ncbi,s3","gs.US,ncbi.public,s3.us-east-1",SRX3834278,Singapore,Asia,Singapore,Illumina HiSeq 2500,RA1_L3,PAIRED,cDNA,TRANSCRIPTOMIC,108,39,Pocillopora acuta,ILLUMINA,2019-04-30T00:00:00Z,SRS3081770,RA1.1,SRP136297,adult,Control,1.1602 N 103.7403 E,not applicable,not applicable,not applicable,not applicable,Raffles Lighthouse,
SRR6881952,RNA-Seq,35,PRJNA435468,SAMN08580106,Invertebrate,NATIONAL UNIVERSITY OF SINGAPORE,Oct-2015,public,sra,"gs,ncbi,s3","gs.US,ncbi.public,s3.us-east-1",SRX3834277,Singapore,Asia,Singapore,Illumina HiSeq 2500,RA1_L2,PAIRED,cDNA,TRANSCRIPTOMIC,109,40,Pocillopora acuta,ILLUMINA,2019-04-30T00:00:00Z,SRS3081770,RA1.1,SRP136297,adult,Control,1.1602 N 103.7403 E,not applicable,not applicable,not applicable,not applicable,Raffles Lighthouse,
SRR6881953,RNA-Seq,35,PRJNA435468,SAMN08580106,Invertebrate,NATIONAL UNIVERSITY OF SINGAPORE,Oct-2015,public,sra,"gs,ncbi,s3","gs.US,ncbi.public,s3.us-east-1",SRX3834276,Singapore,Asia,Singapore,Illumina HiSeq 2500,RA1_L1,PAIRED,cDNA,TRANSCRIPTOMIC,109,40,Pocillopora acuta,ILLUMINA,2019-04-30T00:00:00Z,SRS3081770,RA1.1,SRP136297,adult,Control,1.1602 N 103.7403 E,not applicable,not applicable,not applicable,not applicable,Raffles Lighthouse,
SRR6906282,RNA-Seq,35,PRJNA435468,SAMN08803047,Invertebrate,NATIONAL UNIVERSITY OF SINGAPORE,Oct-2015,public,sra,"gs,ncbi,s3","gs.US,ncbi.public,s3.us-east-1",SRX3854863,Singapore,Asia,Singapore,Illumina HiSeq 2500,RA1_3_B2_AGCGATAG-TATAGCCT_L003_R1_001 (paired) trimmed (paired),PAIRED,cDNA,TRANSCRIPTOMIC,167,61,Pocillopora acuta,ILLUMINA,2018-04-30T00:00:00Z,SRS3098740,RA1.3,SRP136297,adult,Control,1.1602 N 103.7403 E,not applicable,not applicable,,,,
SRR6906283,RNA-Seq,35,PRJNA435468,SAMN08803047,Invertebrate,NATIONAL UNIVERSITY OF SINGAPORE,Oct-2015,public,sra,"gs,ncbi,s3","gs.US,ncbi.public,s3.us-east-1",SRX3854862,Singapore,Asia,Singapore,Illumina HiSeq 2500,RA1_3_B2_AGCGATAG-TATAGCCT_L001_R1_001 (paired) trimmed (paired),PAIRED,cDNA,TRANSCRIPTOMIC,163,59,Pocillopora acuta,ILLUMINA,2018-04-30T00:00:00Z,SRS3098740,RA1.3,SRP136297,adult,Control,1.1602 N 103.7403 E,not applicable,not applicable,,,,
SRR6906284,RNA-Seq,35,PRJNA435468,SAMN08803047,Invertebrate,NATIONAL UNIVERSITY OF SINGAPORE,Oct-2015,public,sra,"gs,ncbi,s3","gs.US,ncbi.public,s3.us-east-1",SRX3854861,Singapore,Asia,Singapore,Illumina HiSeq 2500,RA1_3_B2_AGCGATAG-TATAGCCT_L002_R1_001 (paired) trimmed (paired),PAIRED,cDNA,TRANSCRIPTOMIC,163,59,Pocillopora acuta,ILLUMINA,2018-04-30T00:00:00Z,SRS3098740,RA1.3,SRP136297,adult,Control,1.1602 N 103.7403 E,not applicable,not applicable,,,,
SRR6906302,RNA-Seq,37,PRJNA435468,SAMN08781061,Invertebrate,NATIONAL UNIVERSITY OF SINGAPORE,Oct-2015,public,sra,"gs,ncbi,s3","gs.US,ncbi.public,s3.us-east-1",SRX3854883,Singapore,Asia,Singapore,Illumina HiSeq 2500,RA1_2_TCTCGCGC-TATAGCCT_L001_R1_001 (paired) trimmed (paired),PAIRED,cDNA,TRANSCRIPTOMIC,147,53,Pocillopora acuta,ILLUMINA,2018-04-30T00:00:00Z,SRS3098755,RA1.2,SRP136297,adult,Control,1.1602 N 103.7403 E,,,not applicable,not applicable,,adult
SRR6906303,RNA-Seq,37,PRJNA435468,SAMN08781061,Invertebrate,NATIONAL UNIVERSITY OF SINGAPORE,Oct-2015,public,sra,"gs,ncbi,s3","gs.US,ncbi.public,s3.us-east-1",SRX3854882,Singapore,Asia,Singapore,Illumina HiSeq 2500,RA1_2_TCTCGCGC-TATAGCCT_L002_R1_001 (paired) trimmed (paired),PAIRED,cDNA,TRANSCRIPTOMIC,147,53,Pocillopora acuta,ILLUMINA,2018-04-30T00:00:00Z,SRS3098755,RA1.2,SRP136297,adult,Control,1.1602 N 103.7403 E,,,not applicable,not applicable,,adult
SRR6906304,RNA-Seq,37,PRJNA435468,SAMN08781061,Invertebrate,NATIONAL UNIVERSITY OF SINGAPORE,Oct-2015,public,sra,"gs,ncbi,s3","gs.US,ncbi.public,s3.us-east-1",SRX3854881,Singapore,Asia,Singapore,Illumina HiSeq 2500,RA1_2_TCTCGCGC-TATAGCCT_L003_R1_001 (paired) trimmed (paired),PAIRED,cDNA,TRANSCRIPTOMIC,143,52,Pocillopora acuta,ILLUMINA,2018-04-30T00:00:00Z,SRS3098755,RA1.2,SRP136297,adult,Control,1.1602 N 103.7403 E,,,not applicable,not applicable,,adult
SRR6906456,RNA-Seq,38,PRJNA435468,SAMN08803135,Invertebrate,NATIONAL UNIVERSITY OF SINGAPORE,Oct-2015,public,sra,"gs,ncbi,s3","gs.US,ncbi.public,s3.us-east-1",SRX3855037,Singapore,Asia,Singapore,Illumina HiSeq 2500,RAS1_1_ATTACTCG-TATAGCCT_L002_R1_001 (paired) trimmed (paired),PAIRED,cDNA,TRANSCRIPTOMIC,218,79,Pocillopora acuta,ILLUMINA,2018-04-30T00:00:00Z,SRS3098903,RAS1.1,SRP136297,adult,sediment-only,1.1602 N 103.7403 E,,,not applicable,not applicable,,
SRR6906457,RNA-Seq,38,PRJNA435468,SAMN08803135,Invertebrate,NATIONAL UNIVERSITY OF SINGAPORE,Oct-2015,public,sra,"gs,ncbi,s3","gs.US,ncbi.public,s3.us-east-1",SRX3855036,Singapore,Asia,Singapore,Illumina HiSeq 2500,RAS1_1_ATTACTCG-TATAGCCT_L001_R1_001 (paired) trimmed (paired),PAIRED,cDNA,TRANSCRIPTOMIC,219,79,Pocillopora acuta,ILLUMINA,2018-04-30T00:00:00Z,SRS3098903,RAS1.1,SRP136297,adult,sediment-only,1.1602 N 103.7403 E,,,not applicable,not applicable,,
SRR6906458,RNA-Seq,38,PRJNA435468,SAMN08803135,Invertebrate,NATIONAL UNIVERSITY OF SINGAPORE,Oct-2015,public,sra,"gs,ncbi,s3","gs.US,ncbi.public,s3.us-east-1",SRX3855035,Singapore,Asia,Singapore,Illumina HiSeq 2500,RAS1_1_ATTACTCG-TATAGCCT_L003_R1_001 (paired) trimmed (paired),PAIRED,cDNA,TRANSCRIPTOMIC,221,79,Pocillopora acuta,ILLUMINA,2018-04-30T00:00:00Z,SRS3098903,RAS1.1,SRP136297,adult,sediment-only,1.1602 N 103.7403 E,,,not applicable,not applicable,,
SRR6935629,RNA-Seq,502,PRJNA435468,SAMN08862058,Invertebrate,NATIONAL UNIVERSITY OF SINGAPORE,Oct-2015,public,sra,"gs,ncbi,s3","gs.US,ncbi.public,s3.us-east-1",SRX3880396,Singapore,Asia,Singapore,Illumina HiSeq 2500,RHS1_1_CTGAAGCT-TATAGCCT,PAIRED,cDNA,TRANSCRIPTOMIC,7005,4260,Pocillopora acuta,ILLUMINA,2018-04-30T00:00:00Z,SRS3120072,RHS1,SRP136297,adult coral,heat with sediment,1.1602 N 103.7403 E,not applicable,not applicable,,,,
SRR6942678,RNA-Seq,502,PRJNA435468,SAMN08862060,Invertebrate,NATIONAL UNIVERSITY OF SINGAPORE,Oct-2015,public,sra,"gs,ncbi,s3","gs.US,ncbi.public,s3.us-east-1",SRX3886613,Singapore,Asia,Singapore,Illumina HiSeq 2500,RHS1_2_CTGAAGCT-TATAGCCT,PAIRED,cDNA,TRANSCRIPTOMIC,8108,4959,Pocillopora acuta,ILLUMINA,2018-04-30T00:00:00Z,SRS3125364,RHS2,SRP136297,adult coral,heat with sediment,1.1602 N 103.7403 E,not applicable,not applicable,,,,
SRR6934388,RNA-Seq,502,PRJNA435468,SAMN08855731,Invertebrate,NATIONAL UNIVERSITY OF SINGAPORE,Oct-2015,public,sra,"gs,ncbi,s3","gs.US,ncbi.public,s3.us-east-1",SRX3879291,Singapore,Asia,Singapore,Illumina HiSeq 2500,RH1_2_GAGATTCC-TATAGCCT,PAIRED,cDNA,TRANSCRIPTOMIC,7555,4601,Pocillopora acuta,ILLUMINA,2018-04-30T00:00:00Z,SRS3119090,RH2,SRP136297,adult coral,heat-only,,not applicable,not applicable,,,,
SRR6934542,RNA-Seq,502,PRJNA435468,SAMN08859613,Invertebrate,NATIONAL UNIVERSITY OF SINGAPORE,Oct-2015,public,sra,"gs,ncbi,s3","gs.US,ncbi.public,s3.us-east-1",SRX3879433,Singapore,Asia,Singapore,Illumina HiSeq 2500,RH1_3_GAGATTCC-TATAGCCT,PAIRED,cDNA,TRANSCRIPTOMIC,7324,4441,Pocillopora acuta,ILLUMINA,2018-04-30T00:00:00Z,SRS3119207,RH3,SRP136297,adult coral,heat-only,1.1602 N 103.7403 E,not applicable,not applicable,,,,
SRR7058566,RNA-Seq,502,PRJNA435468,SAMN08957717,Invertebrate,NATIONAL UNIVERSITY OF SINGAPORE,Oct-2015,public,sra,"gs,ncbi,s3","gs.US,ncbi.public,s3.us-east-1",SRX3989525,Singapore,Asia,Singapore,Illumina HiSeq 2500,SH1_1_CTGAAGCT-CCTATCCT,PAIRED,cDNA,TRANSCRIPTOMIC,7328,4494,Pocillopora acuta,ILLUMINA,2018-05-01T00:00:00Z,SRS3213998,SH1,SRP136297,adult coral,heat-only,1.2236 N 103.8452 E,not applicable,not applicable,,,,
SRR7058606,RNA-Seq,502,PRJNA435468,SAMN08959842,Invertebrate,NATIONAL UNIVERSITY OF SINGAPORE,Oct-2015,public,sra,"gs,ncbi,s3","gs.US,ncbi.public,s3.us-east-1",SRX3989565,Singapore,Asia,Singapore,Illumina HiSeq 2500,SH1_2_TAATGCGC-CCTATCCT,PAIRED,cDNA,TRANSCRIPTOMIC,10883,6603,Pocillopora acuta,ILLUMINA,2018-05-01T00:00:00Z,SRS3214031,SH2,SRP136297,adult coral,heat-only,1.2236 N 103.8452 E,not applicable,not applicable,,,,
SRR7058616,RNA-Seq,502,PRJNA435468,SAMN08959843,Invertebrate,NATIONAL UNIVERSITY OF SINGAPORE,Oct-2015,public,sra,"gs,ncbi,s3","gs.US,ncbi.public,s3.us-east-1",SRX3989575,Singapore,Asia,Singapore,Illumina HiSeq 2500,SH1_3_CGGCTATG-CCTATCCT,PAIRED,cDNA,TRANSCRIPTOMIC,6721,4110,Pocillopora acuta,ILLUMINA,2018-05-01T00:00:00Z,SRS3214038,SH3,SRP136297,adult coral,heat-only,1.2236 N 103.8452 E,not applicable,not applicable,,,,
SRR7059699,RNA-Seq,502,PRJNA435468,SAMN08960346,Invertebrate,NATIONAL UNIVERSITY OF SINGAPORE,Oct-2015,public,sra,"gs,ncbi,s3","gs.US,ncbi.public,s3.us-east-1",SRX3990631,Singapore,Asia,Singapore,Illumina HiSeq 2500,SHS1_1_TCCGCGAA-CCTATCCT,PAIRED,cDNA,TRANSCRIPTOMIC,9132,5635,Pocillopora acuta,ILLUMINA,2018-05-01T00:00:00Z,SRS3215054,SHS1,SRP136297,adult coral,heat with sediment,1.2236 N 103.8452 E,not applicable,not applicable,,,,
SRR7062295,RNA-Seq,502,PRJNA435468,SAMN08960432,Invertebrate,NATIONAL UNIVERSITY OF SINGAPORE,Oct-2015,public,sra,"gs,ncbi,s3","gs.US,ncbi.public,s3.us-east-1",SRX3993223,Singapore,Asia,Singapore,Illumina HiSeq 2500,SHS1_2_TCTCGCGC-CCTATCCT,PAIRED,cDNA,TRANSCRIPTOMIC,6017,3730,Pocillopora acuta,ILLUMINA,2018-05-02T00:00:00Z,SRS3217462,SHS2,SRP136297,adult coral,heat with sediment,1.2236 N 103.8452 E,not applicable,not applicable,,,,
SRR7042978,RNA-Seq,502,PRJNA435468,SAMN08957533,Invertebrate,NATIONAL UNIVERSITY OF SINGAPORE,Oct-2015,public,sra,"gs,ncbi,s3","gs.US,ncbi.public,s3.us-east-1",SRX3974899,Singapore,Asia,Singapore,Illumina HiSeq 2500,SA1_1_ATTACTCG-CCTATCCT,PAIRED,cDNA,TRANSCRIPTOMIC,11350,6983,Pocillopora acuta,ILLUMINA,2018-04-30T00:00:00Z,SRS3200150,SA1,SRP136297,adult coral,Control,1.2236 N 103.8452 E,not applicable,not applicable,,,,
SRR7055829,RNA-Seq,502,PRJNA435468,SAMN08957542,Invertebrate,NATIONAL UNIVERSITY OF SINGAPORE,Oct-2015,public,sra,"gs,ncbi,s3","gs.US,ncbi.public,s3.us-east-1",SRX3986864,Singapore,Asia,Singapore,Illumina HiSeq 2500,SAS1_2_ATTCAGAA-CCTATCCT,PAIRED,cDNA,TRANSCRIPTOMIC,8450,5180,Pocillopora acuta,ILLUMINA,2018-04-30T00:00:00Z,SRS3211353,SAS2,SRP136297,adult coral,sediment-only,1.2236 N 103.8452 E,not applicable,not applicable,,,,
SRR7058378,RNA-Seq,502,PRJNA435468,SAMN08957543,Invertebrate,NATIONAL UNIVERSITY OF SINGAPORE,Oct-2015,public,sra,"gs,ncbi,s3","gs.US,ncbi.public,s3.us-east-1",SRX3989337,Singapore,Asia,Singapore,Illumina HiSeq 2500,SAS1_3_GAATTCGT-CCTATCCT,PAIRED,cDNA,TRANSCRIPTOMIC,7941,4837,Pocillopora acuta,ILLUMINA,2018-05-01T00:00:00Z,SRS3213827,SAS3,SRP136297,adult coral,sediment-only,1.2236 N 103.8452 E,not applicable,not applicable,,,,
SRR6963586,RNA-Seq,502,PRJNA435468,SAMN08891902,Invertebrate,NATIONAL UNIVERSITY OF SINGAPORE,Oct-2015,public,sra,"gs,ncbi,s3","gs.US,ncbi.public,s3.us-east-1",SRX3905774,Singapore,Asia,Singapore,Illumina HiSeq 2500,KAS1_1_GAGATTCC-ATAGAGGC,PAIRED,cDNA,TRANSCRIPTOMIC,8630,5251,Pocillopora acuta,ILLUMINA,2018-04-30T00:00:00Z,SRS3142002,KAS1,SRP136297,adult coral,sediment-only,1.2257 N 103.8602 E,not applicable,not applicable,,,,
SRR6963878,RNA-Seq,502,PRJNA435468,SAMN08891903,Invertebrate,NATIONAL UNIVERSITY OF SINGAPORE,Oct-2015,public,sra,"gs,ncbi,s3","gs.US,ncbi.public,s3.us-east-1",SRX3905906,Singapore,Asia,Singapore,Illumina HiSeq 2500,KAS1_2_ATTCAGAA-ATAGAGGC,PAIRED,cDNA,TRANSCRIPTOMIC,10984,6727,Pocillopora acuta,ILLUMINA,2018-04-30T00:00:00Z,SRS3142136,KAS2,SRP136297,adult coral,,1.2257 N 103.8602 E,not applicable,not applicable,,,,
SRR6963891,RNA-Seq,502,PRJNA435468,SAMN08891904,Invertebrate,NATIONAL UNIVERSITY OF SINGAPORE,Oct-2015,public,sra,"gs,ncbi,s3","gs.US,ncbi.public,s3.us-east-1",SRX3905919,Singapore,Asia,Singapore,Illumina HiSeq 2500,KAS1_3_GAATTCGT-ATAGAGGC,PAIRED,cDNA,TRANSCRIPTOMIC,5633,3466,Pocillopora acuta,ILLUMINA,2018-04-30T00:00:00Z,SRS3142149,KAS3,SRP136297,adult coral,sediment-only,1.2257 N 103.8602 E,not applicable,not applicable,,,,
SRR6964364,RNA-Seq,502,PRJNA435468,SAMN08892293,Invertebrate,NATIONAL UNIVERSITY OF SINGAPORE,Oct-2015,public,sra,"gs,ncbi,s3","gs.US,ncbi.public,s3.us-east-1",SRX3906291,Singapore,Asia,Singapore,Illumina HiSeq 2500,KH1_1_CTGAAGCT-ATAGAGGC,PAIRED,cDNA,TRANSCRIPTOMIC,11768,7211,Pocillopora acuta,ILLUMINA,2018-04-30T00:00:00Z,SRS3142406,KH1,SRP136297,adult coral,heat-only,1.2257 N 103.8602 E,not applicable,not applicable,,,,
SRR6986864,RNA-Seq,502,PRJNA435468,SAMN08892294,Invertebrate,NATIONAL UNIVERSITY OF SINGAPORE,Oct-2015,public,sra,"gs,ncbi,s3","gs.US,ncbi.public,s3.us-east-1",SRX3926441,Singapore,Asia,Singapore,Illumina HiSeq 2500,KH1_2_TAATGCGC-ATAGAGGC,PAIRED,cDNA,TRANSCRIPTOMIC,12356,7609,Pocillopora acuta,ILLUMINA,2018-04-30T00:00:00Z,SRS3160264,KH2,SRP136297,adult coral,heat-only,1.2257 N 103.8602 E,not applicable,not applicable,,,,
SRR6951423,RNA-Seq,502,PRJNA435468,SAMN08874338,Invertebrate,NATIONAL UNIVERSITY OF SINGAPORE,Oct-2015,public,sra,"gs,ncbi,s3","gs.US,ncbi.public,s3.us-east-1",SRX3894691,Singapore,Asia,Singapore,Illumina HiSeq 2500,KA1_1_ATTACTCG-ATAGAGGC,PAIRED,cDNA,TRANSCRIPTOMIC,6555,3988,Pocillopora acuta,ILLUMINA,2018-04-30T00:00:00Z,SRS3132199,KA1,SRP136297,adult coral,Control,1.2257 N 103.8602 E,not applicable,not applicable,,,,
SRR6951744,RNA-Seq,502,PRJNA435468,SAMN08874343,Invertebrate,NATIONAL UNIVERSITY OF SINGAPORE,Oct-2015,public,sra,"gs,ncbi,s3","gs.US,ncbi.public,s3.us-east-1",SRX3894980,Singapore,Asia,Singapore,Illumina HiSeq 2500,KA1_2_TCCGGAGA-ATAGAGGC,PAIRED,cDNA,TRANSCRIPTOMIC,9477,5799,Pocillopora acuta,ILLUMINA,2018-04-30T00:00:00Z,SRS3132462,KA2,SRP136297,adult coral,Control,1.2257 N 103.8602 E,not applicable,not applicable,,,,
SRR6952431,RNA-Seq,502,PRJNA435468,SAMN08874345,Invertebrate,NATIONAL UNIVERSITY OF SINGAPORE,Oct-2015,public,sra,"gs,ncbi,s3","gs.US,ncbi.public,s3.us-east-1",SRX3895631,Singapore,Asia,Singapore,Illumina HiSeq 2500,KA1_3_CGCTCATT-ATAGAGGC,PAIRED,cDNA,TRANSCRIPTOMIC,7589,4640,Pocillopora acuta,ILLUMINA,2018-04-30T00:00:00Z,SRS3133081,KA3,SRP136297,adult coral,Control,1.2257 N 103.8602 E,not applicable,not applicable,,,,
SRR7062350,RNA-Seq,502,PRJNA435468,SAMN08960449,Invertebrate,NATIONAL UNIVERSITY OF SINGAPORE,Oct-2015,public,sra,"gs,ncbi,s3","gs.US,ncbi.public,s3.us-east-1",SRX3993278,Singapore,Asia,Singapore,Illumina HiSeq 2500,SHS1_3_B2_AGCGATAG-CCTATCCT,PAIRED,cDNA,TRANSCRIPTOMIC,5568,3427,Pocillopora acuta,ILLUMINA,2018-05-02T00:00:00Z,SRS3217518,SHS3,SRP136297,adult coral,heat with sediment,1.2236 N 103.8452 E,not applicable,not applicable,,,,
